{
  "id": "3216795",
  "name": "takeout-platform",
  "font_family": "iconfont",
  "css_prefix_text": "icon-",
  "description": "",
  "glyphs": [
    {
      "icon_id": "1288819",
      "name": "外卖",
      "font_class": "waimai-icon",
      "unicode": "e601",
      "unicode_decimal": 58881
    },
    {
      "icon_id": "25493721",
      "name": "外卖",
      "font_class": "waimai",
      "unicode": "e602",
      "unicode_decimal": 58882
    },
    {
      "icon_id": "10593837",
      "name": "用户-角色-用户名-单人_jurassic",
      "font_class": "user",
      "unicode": "e6a5",
      "unicode_decimal": 59045
    },
    {
      "icon_id": "955888",
      "name": "店铺管理",
      "font_class": "shop",
      "unicode": "e63e",
      "unicode_decimal": 58942
    },
    {
      "icon_id": "1201472",
      "name": "eye",
      "font_class": "oeye",
      "unicode": "e600",
      "unicode_decimal": 58880
    },
    {
      "icon_id": "2545152",
      "name": "首页-销售统计",
      "font_class": "total",
      "unicode": "e632",
      "unicode_decimal": 58930
    },
    {
      "icon_id": "5831732",
      "name": "锁",
      "font_class": "suo",
      "unicode": "e691",
      "unicode_decimal": 59025
    },
    {
      "icon_id": "6455673",
      "name": "账号管理",
      "font_class": "account",
      "unicode": "e666",
      "unicode_decimal": 58982
    },
    {
      "icon_id": "8619735",
      "name": "实景酷后台-首页",
      "font_class": "home",
      "unicode": "e61c",
      "unicode_decimal": 58908
    },
    {
      "icon_id": "9351379",
      "name": "订单管理",
      "font_class": "order",
      "unicode": "e787",
      "unicode_decimal": 59271
    },
    {
      "icon_id": "10506905",
      "name": "eye",
      "font_class": "ceye",
      "unicode": "e60e",
      "unicode_decimal": 58894
    },
    {
      "icon_id": "17282366",
      "name": "商品管理",
      "font_class": "goods",
      "unicode": "e62e",
      "unicode_decimal": 58926
    }
  ]
}
